address,borocode
COLUMBIA STREET,3
COLES STREET,3
1 LIBERTY ISLAND,1
1 ELLIS ISLAND,1
BOBBY BELLO FIELD,3
7731 SHORE ROAD,3
7739 SHORE ROAD,3
7727 SHORE ROAD,3
7 79 STREET,3
7725 SHORE ROAD,3
9 79 STREET,3
11 79 STREET,3
1 78 STREET,3
13 79 STREET,3
7717 SHORE ROAD,3
2 78 STREET,3
7713 SHORE ROAD,3
3 78 STREET,3
7709 SHORE ROAD,3
4 78 STREET,3
7705 SHORE ROAD,3
7701 SHORE ROAD,3
5 78 STREET,3
6 78 STREET,3
7 78 STREET,3
7551 SHORE ROAD,3
14 77 STREET,3
10 77 STREET,3
9 78 STREET,3
7543 SHORE ROAD,3
7223 SHORE ROAD,3
7221 SHORE ROAD,3
7217 SHORE ROAD,3
7215 SHORE ROAD,3
16 77 STREET,3
7539 SHORE ROAD,3
7229 SHORE ROAD,3
7211 SHORE ROAD,3
11 78 STREET,3
7209 SHORE ROAD,3
7207 SHORE ROAD,3
7535 SHORE ROAD,3
7205 SHORE ROAD,3
18 77 STREET,3
7529 SHORE ROAD,3
7235 SHORE ROAD,3
7720 NARROWS AVENUE,3
7203 SHORE ROAD,3
15 77 STREET,3
7237 SHORE ROAD,3
7201 SHORE ROAD,3
20 77 STREET,3
7525 SHORE ROAD,3
7726 NARROWS AVENUE,3
7239 SHORE ROAD,3
7509 SHORE ROAD,3
7241 SHORE ROAD,3
7224 72 COURT,3
7724 NARROWS AVENUE,3
22 77 STREET,3
COLONIAL ROAD,3
7220 72 COURT,3
7243 SHORE ROAD,3
7218 72 COURT,3
7716 NARROWS AVENUE,3
7214 72 COURT,3
7245 SHORE ROAD,3
358 74 STREET,3
7712 NARROWS AVENUE,3
7247 SHORE ROAD,3
7710 NARROWS AVENUE,3
7212 72 COURT,3
7210 72 COURT,3
339 73 STREET,3
7706 NARROWS AVENUE,3
7249 SHORE ROAD,3
7119 SHORE ROAD,3
7208 72 COURT,3
7702 NARROWS AVENUE,3
7259 SHORE ROAD,3
7204 72 COURT,3
7202 72 COURT,3
23 77 STREET,3
7503 SHORE ROAD,3
7226 72 COURT,3
7612 NARROWS AVENUE,3
27 77 STREET,3
7101 SHORE ROAD,3
,3
7610 NARROWS AVENUE,3
1 BAY RIDGE PARKWAY,3
7225 72 COURT,3
7606 NARROWS AVENUE,3
7530 NARROWS AVENUE,3
7626 NARROWS AVENUE,3
7401 SHORE ROAD,3
1 74 STREET,3
7602 NARROWS AVENUE,3
7526 NARROWS AVENUE,3
7223 72 COURT,3
7522 NARROWS AVENUE,3
7221 72 COURT,3
7215 72 COURT,3
7217 72 COURT,3
7211 72 COURT,3
7518 NARROWS AVENUE,3
9 BAY RIDGE PARKWAY,3
7209 72 COURT,3
7207 72 COURT,3
7205 72 COURT,3
7717 NARROWS AVENUE,3
7514 NARROWS AVENUE,3
7203 72 COURT,3
7715 NARROWS AVENUE,3
7201 72 COURT,3
16 BAY RIDGE PARKWAY,3
34 77 STREET,3
21 72 STREET,3
7100 SHORE ROAD,3
20 BAY RIDGE PARKWAY,3
15 BAY RIDGE PARKWAY,3
38 77 STREET,3
25 72 STREET,3
33 77 STREET,3
32 72 STREET,3
40 77 STREET,3
12 71 STREET,3
43 78 STREET,3
24 BAY RIDGE PARKWAY,3
7617 NARROWS AVENUE,3
21 BAY RIDGE PARKWAY,3
7414 NARROWS AVENUE,3
27 72 STREET,3
350 72 STREET,3
7412 NARROWS AVENUE,3
7422 NARROWS AVENUE,3
36 72 STREET,3
7611 NARROWS AVENUE,3
7410 NARROWS AVENUE,3
14 71 STREET,3
42 77 STREET,3
6413 2 AVENUE,3
29 72 STREET,3
7406 NARROWS AVENUE,3
45 78 STREET,3
7605 NARROWS AVENUE,3
7402 NARROWS AVENUE,3
16 71 STREET,3
7601 NARROWS AVENUE,3
31 72 STREET,3
44 77 STREET,3
40 72 STREET,3
47 78 STREET,3
18 71 STREET,3
19 74 STREET,3
33 72 STREET,3
46 77 STREET,3
43 77 STREET,3
6917 SHORE ROAD,3
6911 SHORE ROAD,3
7523 NARROWS AVENUE,3
20 71 STREET,3
42 72 STREET,3
48 77 STREET,3
7519 NARROWS AVENUE,3
7310 NARROWS AVENUE,3
35 72 STREET,3
7005 SHORE ROAD,3
7001 SHORE ROAD,3
6925 SHORE ROAD,3
6901 SHORE ROAD,3
7312 NARROWS AVENUE,3
7025 SHORE ROAD,3
7023 SHORE ROAD,3
7515 NARROWS AVENUE,3
23 74 STREET,3
7306 NARROWS AVENUE,3
72 STREET,3
22 71 STREET,3
40 76 STREET,3
7302 NARROWS AVENUE,3
37 72 STREET,3
7511 NARROWS AVENUE,3
50 77 STREET,3
45 77 STREET,3
7230 NARROWS AVENUE,3
44 72 STREET,3
26 BAY RIDGE PARKWAY,3
24 71 STREET,3
6833 SHORE ROAD,3
7226 NARROWS AVENUE,3
52 77 STREET,3
42 76 STREET,3
39 72 STREET,3
27 74 STREET,3
46 72 STREET,3
7222 NARROWS AVENUE,3
26 71 STREET,3
47 77 STREET,3
28 BAY RIDGE PARKWAY,3
41 72 STREET,3
6801 SHORE ROAD,3
46A 72 STREET,3
6 BAY RIDGE AVENUE,3
54 77 STREET,3
46 76 STREET,3
NARROWS AVENUE,3
7218 NARROWS AVENUE,3
43 72 STREET,3
28 71 STREET,3
48 72 STREET,3
7216 NARROWS AVENUE,3
7423 NARROWS AVENUE,3
30 BAY RIDGE PARKWAY,3
7214 NARROWS AVENUE,3
30 71 STREET,3
11 MACKAY PLACE,3
10 BAY RIDGE AVENUE,3
51 77 STREET,3
7417 NARROWS AVENUE,3
48 76 STREET,3
7212 NARROWS AVENUE,3
58 77 STREET,3
41 76 STREET,3
7415 NARROWS AVENUE,3
7210 NARROWS AVENUE,3
45 72 STREET,3
7413 NARROWS AVENUE,3
7208 NARROWS AVENUE,3
6902 NARROWS AVENUE,3
32 BAY RIDGE PARKWAY,3
30 74 STREET,3
7206 NARROWS AVENUE,3
32 71 STREET,3
43 76 STREET,3
53 77 STREET,3
7202 NARROWS AVENUE,3
60 77 STREET,3
50 76 STREET,3
47 72 STREET,3
15 MACKAY PLACE,3
11 70 STREET,3
36 BAY RIDGE PARKWAY,3
34 74 STREET,3
34 71 STREET,3
57 77 STREET,3
45 76 STREET,3
7124 NARROWS AVENUE,3
52 76 STREET,3
64 77 STREET,3
7122 NARROWS AVENUE,3
13 70 STREET,3
36 71 STREET,3
38 BAY RIDGE PARKWAY,3
7118 NARROWS AVENUE,3
36 74 STREET,3
7325 NARROWS AVENUE,3
7116 NARROWS AVENUE,3
22 70 STREET,3
COLONIAL ROAD,3
13 BAY RIDGE AVENUE,3
47 76 STREET,3
59 77 STREET,3
7114 NARROWS AVENUE,3
56 76 STREET,3
15 70 STREET,3
7319 NARROWS AVENUE,3
7112 NARROWS AVENUE,3
66 77 STREET,3
42 BAY RIDGE PARKWAY,3
7110 NARROWS AVENUE,3
24 70 STREET,3
35 BAY RIDGE PARKWAY,3
7315 NARROWS AVENUE,3
51 76 STREET,3
63 77 STREET,3
7106 NARROWS AVENUE,3
38 74 STREET,3
17 70 STREET,3
58 73 STREET,3
7104 NARROWS AVENUE,3
58 76 STREET,3
7102 NARROWS AVENUE,3
26 70 STREET,3
68 77 STREET,3
44 BAY RIDGE PARKWAY,3
37 BAY RIDGE PARKWAY,3
19 70 STREET,3
53 76 STREET,3
65 77 STREET,3
42 74 STREET,3
60 73 STREET,3
28 70 STREET,3
60 76 STREET,3
46 BAY RIDGE PARKWAY,3
39 BAY RIDGE PARKWAY,3
21 70 STREET,3
30 70 STREET,3
70 77 STREET,3
55 76 STREET,3
62 73 STREET,3
64 76 STREET,3
57 73 STREET,3
6824 OWLS HEAD COURT,3
41 BAY RIDGE PARKWAY,3
48 BAY RIDGE PARKWAY,3
44 74 STREET,3
6820 OWLS HEAD COURT,3
67 77 STREET,3
25 MACKAY PLACE,3
6818 OWLS HEAD COURT,3
72 77 STREET,3
32 70 STREET,3
25 70 STREET,3
57 76 STREET,3
39 74 STREET,3
64 73 STREET,3
59 73 STREET,3
50 BAY RIDGE PARKWAY,3
43 BAY RIDGE PARKWAY,3
6816 OWLS HEAD COURT,3
66 76 STREET,3
7211 NARROWS AVENUE,3
6814 OWLS HEAD COURT,3
48 74 STREET,3
27 MACKAY PLACE,3
7209 NARROWS AVENUE,3
27 70 STREET,3
34 70 STREET,3
6812 OWLS HEAD COURT,3
45 BAY RIDGE PARKWAY,3
66 73 STREET,3
61 73 STREET,3
7207 NARROWS AVENUE,3
74 77 STREET,3
61 76 STREET,3
52 BAY RIDGE PARKWAY,3
69 77 STREET,3
7205 NARROWS AVENUE,3
6810 OWLS HEAD COURT,3
68 76 STREET,3
7201 NARROWS AVENUE,3
29 MACKAY PLACE,3
36 70 STREET,3
29 70 STREET,3
6806 OWLS HEAD COURT,3
43 74 STREET,3
65 73 STREET,3
63 73 STREET,3
70 73 STREET,3
6804 OWLS HEAD COURT,3
78 77 STREET,3
63 76 STREET,3
54 BAY RIDGE PARKWAY,3
47 BAY RIDGE PARKWAY,3
50 74 STREET,3
31 MACKAY PLACE,3
6802 OWLS HEAD COURT,3
38 70 STREET,3
7016 NARROWS AVENUE,3
73 77 STREET,3
70 76 STREET,3
7123 NARROWS AVENUE,3
31 70 STREET,3
72 73 STREET,3
52 74 STREET,3
7119 NARROWS AVENUE,3
7014 NARROWS AVENUE,3
80 77 STREET,3
65 76 STREET,3
51 BAY RIDGE PARKWAY,3
47 74 STREET,3
33 MACKAY PLACE,3
56 BAY RIDGE PARKWAY,3
7117 NARROWS AVENUE,3
7012 NARROWS AVENUE,3
54 74 STREET,3
67 73 STREET,3
7115 NARROWS AVENUE,3
7010 NARROWS AVENUE,3
72 76 STREET,3
74 73 STREET,3
7111 NARROWS AVENUE,3
33 70 STREET,3
35 MACKAY PLACE,3
40 70 STREET,3
77 77 STREET,3
29 BAY RIDGE AVENUE,3
67 76 STREET,3
7109 NARROWS AVENUE,3
53 BAY RIDGE PARKWAY,3
7107 NARROWS AVENUE,3
56 74 STREET,3
49 74 STREET,3
69 73 STREET,3
60 BAY RIDGE PARKWAY,3
7105 NARROWS AVENUE,3
37 MACKAY PLACE,3
76 73 STREET,3
42 70 STREET,3
31 BAY RIDGE AVENUE,3
70 72 STREET,3
7103 NARROWS AVENUE,3
37 70 STREET,3
69 76 STREET,3
76 76 STREET,3
7101 NARROWS AVENUE,3
79 77 STREET,3
55 BAY RIDGE PARKWAY,3
71 73 STREET,3
39 MACKAY PLACE,3
6823 OWLS HEAD COURT,3
72 72 STREET,3
51 71 STREET,3
58 74 STREET,3
44 70 STREET,3
33 BAY RIDGE AVENUE,3
80 73 STREET,3
6821 OWLS HEAD COURT,3
71 76 STREET,3
62 BAY RIDGE PARKWAY,3
6924 NARROWS AVENUE,3
47 71 STREET,3
78 76 STREET,3
73 73 STREET,3
6817 OWLS HEAD COURT,3
57 BAY RIDGE PARKWAY,3
74 72 STREET,3
6922 NARROWS AVENUE,3
46 70 STREET,3
35 BAY RIDGE AVENUE,3
6815 OWLS HEAD COURT,3
81 77 STREET,3
73 76 STREET,3
6918 NARROWS AVENUE,3
6813 OWLS HEAD COURT,3
62 74 STREET,3
49 71 STREET,3
7039 NARROWS AVENUE,3
66 BAY RIDGE PARKWAY,3
59 BAY RIDGE PARKWAY,3
75 73 STREET,3
69 72 STREET,3
6916 NARROWS AVENUE,3
7035 NARROWS AVENUE,3
6811 OWLS HEAD COURT,3
48 70 STREET,3
6914 NARROWS AVENUE,3
37 BAY RIDGE AVENUE,3
82 76 STREET,3
75 76 STREET,3
76 72 STREET,3
6809 OWLS HEAD COURT,3
42 MACKAY PLACE,3
57 74 STREET,3
77 73 STREET,3
6805 OWLS HEAD COURT,3
63 BAY RIDGE PARKWAY,3
SHORE ROAD,3
85 77 STREET,3
68 BAY RIDGE PARKWAY,3
64 74 STREET,3
84 73 STREET,3
6830 NARROWS AVENUE,3
6803 OWLS HEAD COURT,3
78 72 STREET,3
73 72 STREET,3
58 71 STREET,3
53 71 STREET,3
44 MACKAY PLACE,3
6801 OWLS HEAD COURT,3
84 76 STREET,3
77 76 STREET,3
79 73 STREET,3
70 BAY RIDGE PARKWAY,3
6715 3 AVENUE,3
6828 NARROWS AVENUE,3
80 72 STREET,3
46 MACKAY PLACE,3
7007 NARROWS AVENUE,3
61 74 STREET,3
65 BAY RIDGE PARKWAY,3
55 71 STREET,3
89 77 STREET,3
75 72 STREET,3
6826 NARROWS AVENUE,3
68 74 STREET,3
81 73 STREET,3
7023 NARROWS AVENUE,3
81 76 STREET,3
88 73 STREET,3
62 71 STREET,3
86 76 STREET,3
72 BAY RIDGE PARKWAY,3
46A MACKAY PLACE,3
6822 NARROWS AVENUE,3
362 72 STREET,3
7019 NARROWS AVENUE,3
82 72 STREET,3
57 71 STREET,3
6713 3 AVENUE,3
7017 NARROWS AVENUE,3
6820 NARROWS AVENUE,3
7015 NARROWS AVENUE,3
83 73 STREET,3
77 72 STREET,3
71 STREET,3
67 BAY RIDGE PARKWAY,3
63 74 STREET,3
48 MACKAY PLACE,3
74 BAY RIDGE PARKWAY,3
7013 NARROWS AVENUE,3
6816 NARROWS AVENUE,3
7626 COLONIAL ROAD,3
70 74 STREET,3
64 71 STREET,3
83 76 STREET,3
84 72 STREET,3
7011 NARROWS AVENUE,3
6814 NARROWS AVENUE,3
7624 COLONIAL ROAD,3
88 76 STREET,3
90 73 STREET,3
7009 NARROWS AVENUE,3
7620 COLONIAL ROAD,3
50 MACKAY PLACE,3
6810 NARROWS AVENUE,3
85 73 STREET,3
7618 COLONIAL ROAD,3
76 BAY RIDGE PARKWAY,3
69 BAY RIDGE PARKWAY,3
79 72 STREET,3
7005 NARROWS AVENUE,3
6808 NARROWS AVENUE,3
7616 COLONIAL ROAD,3
85 76 STREET,3
67 74 STREET,3
86 72 STREET,3
66 71 STREET,3
61 71 STREET,3
54 MACKAY PLACE,3
7001 NARROWS AVENUE,3
74 74 STREET,3
7614 COLONIAL ROAD,3
6804 NARROWS AVENUE,3
87 73 STREET,3
7612 COLONIAL ROAD,3
78 BAY RIDGE PARKWAY,3
6802 NARROWS AVENUE,3
7610 COLONIAL ROAD,3
73 BAY RIDGE PARKWAY,3
88 72 STREET,3
94 73 STREET,3
83 72 STREET,3
7606 COLONIAL ROAD,3
87 76 STREET,3
63 71 STREET,3
89 73 STREET,3
68 71 STREET,3
80 BAY RIDGE PARKWAY,3
69 74 STREET,3
7604 COLONIAL ROAD,3
76 74 STREET,3
49 70 STREET,3
49 MACKAY PLACE,3
7602 COLONIAL ROAD,3
,3
75 BAY RIDGE PARKWAY,3
90 72 STREET,3
56 MACKAY PLACE,3
65 71 STREET,3
91 73 STREET,3
85 72 STREET,3
72 71 STREET,3
51 70 STREET,3
82 BAY RIDGE PARKWAY,3
98 73 STREET,3
58 MACKAY PLACE,3
6901 NARROWS AVENUE,3
73 74 STREET,3
92 72 STREET,3
91 76 STREET,3
80 74 STREET,3
77 BAY RIDGE PARKWAY,3
67 71 STREET,3
93 73 STREET,3
58A MACKAY PLACE,3
87 72 STREET,3
53 70 STREET,3
437 73 STREET,3
84 BAY RIDGE PARKWAY,3
62 70 STREET,3
94 72 STREET,3
74 71 STREET,3
60 MACKAY PLACE,3
102 73 STREET,3
57 MACKAY PLACE,3
95 76 STREET,3
79 BAY RIDGE PARKWAY,3
75 74 STREET,3
69 71 STREET,3
95 73 STREET,3
89 72 STREET,3
55 70 STREET,3
7512 COLONIAL ROAD,3
82 74 STREET,3
62 MACKAY PLACE,3
7508 COLONIAL ROAD,3
96 72 STREET,3
76 71 STREET,3
7506 COLONIAL ROAD,3
97 73 STREET,3
71 71 STREET,3
57 70 STREET,3
91 72 STREET,3
62A MACKAY PLACE,3
6833 NARROWS AVENUE,3
7502 COLONIAL ROAD,3
83 BAY RIDGE PARKWAY,3
84 74 STREET,3
79 74 STREET,3
99 76 STREET,3
106 73 STREET,3
98 72 STREET,3
78 71 STREET,3
56 BAY RIDGE AVENUE,3
6829 NARROWS AVENUE,3
64 MACKAY PLACE,3
66 70 STREET,3
99 73 STREET,3
93 72 STREET,3
59 70 STREET,3
6827 NARROWS AVENUE,3
66 MACKAY PLACE,3
446 73 STREET,3
86 74 STREET,3
100 72 STREET,3
6823 NARROWS AVENUE,3
75 71 STREET,3
80 71 STREET,3
61 MACKAY PLACE,3
6821 NARROWS AVENUE,3
81 74 STREET,3
101 73 STREET,3
61 70 STREET,3
7424 COLONIAL ROAD,3
95 72 STREET,3
58 BAY RIDGE AVENUE,3
6817 NARROWS AVENUE,3
58A BAY RIDGE AVENUE,3
7420 COLONIAL ROAD,3
88 74 STREET,3
108 73 STREET,3
102 72 STREET,3
82 71 STREET,3
77 71 STREET,3
6815 NARROWS AVENUE,3
7418 COLONIAL ROAD,3
7621 COLONIAL ROAD,3
73 STREET,3
63 70 STREET,3
103 73 STREET,3
97 72 STREET,3
6811 NARROWS AVENUE,3
7619 COLONIAL ROAD,3
7414 COLONIAL ROAD,3
72 MACKAY PLACE,3
6809 NARROWS AVENUE,3
85 74 STREET,3
76 70 STREET,3
7617 COLONIAL ROAD,3
7412 COLONIAL ROAD,3
104 72 STREET,3
79 71 STREET,3
60 BAY RIDGE AVENUE,3
110 73 STREET,3
84 71 STREET,3
7615 COLONIAL ROAD,3
6805 NARROWS AVENUE,3
105 73 STREET,3
65 70 STREET,3
7408 COLONIAL ROAD,3
99 72 STREET,3
65 MACKAY PLACE,3
7611 COLONIAL ROAD,3
6801 NARROWS AVENUE,3
7404 COLONIAL ROAD,3
7609 COLONIAL ROAD,3
112 73 STREET,3
106 72 STREET,3
86 71 STREET,3
81 71 STREET,3
7607 COLONIAL ROAD,3
7402 COLONIAL ROAD,3
107 73 STREET,3
89 74 STREET,3
63 BAY RIDGE AVENUE,3
101 72 STREET,3
7603 COLONIAL ROAD,3
67 70 STREET,3
74 MACKAY PLACE,3
7601 COLONIAL ROAD,3
108 72 STREET,3
83 71 STREET,3
107A 73 STREET,3
88 71 STREET,3
66 BAY RIDGE AVENUE,3
78 70 STREET,3
103 72 STREET,3
69 70 STREET,3
65 BAY RIDGE AVENUE,3
76 MACKAY PLACE,3
91 74 STREET,3
7523 COLONIAL ROAD,3
109 73 STREET,3
110 72 STREET,3
90 71 STREET,3
85 71 STREET,3
7519 COLONIAL ROAD,3
73 STREET,3
105 72 STREET,3
71 MACKAY PLACE,3
74 BAY RIDGE AVENUE,3
78 MACKAY PLACE,3
71 70 STREET,3
114 76 STREET,3
7517 COLONIAL ROAD,3
67 BAY RIDGE AVENUE,3
7310 COLONIAL ROAD,3
112 72 STREET,3
87 71 STREET,3
7515 COLONIAL ROAD,3
111 73 STREET,3
92 71 STREET,3
66 68 STREET,3
93 74 STREET,3
7511 COLONIAL ROAD,3
73 MACKAY PLACE,3
76 BAY RIDGE AVENUE,3
73 70 STREET,3
7509 COLONIAL ROAD,3
7306 COLONIAL ROAD,3
80 MACKAY PLACE,3
82 70 STREET,3
7304 COLONIAL ROAD,3
71 BAY RIDGE AVENUE,3
7507 COLONIAL ROAD,3
114 72 STREET,3
94 71 STREET,3
7302 COLONIAL ROAD,3
115 73 STREET,3
68 68 STREET,3
7505 COLONIAL ROAD,3
89 71 STREET,3
111 72 STREET,3
75 MACKAY PLACE,3
78 BAY RIDGE AVENUE,3
75 70 STREET,3
7501 COLONIAL ROAD,3
97 74 STREET,3
82 MACKAY PLACE,3
116 72 STREET,3
84 70 STREET,3
70 68 STREET,3
73 BAY RIDGE AVENUE,3
77 MACKAY PLACE,3
7224 COLONIAL ROAD,3
77 70 STREET,3
80 BAY RIDGE AVENUE,3
91 71 STREET,3
98 71 STREET,3
7222 COLONIAL ROAD,3
118 72 STREET,3
86 MACKAY PLACE,3
72 68 STREET,3
7218 COLONIAL ROAD,3
79 MACKAY PLACE,3
90 70 STREET,3
101 BAY RIDGE PARKWAY,3
93 71 STREET,3
79 70 STREET,3
82 BAY RIDGE AVENUE,3
75 BAY RIDGE AVENUE,3
7216 COLONIAL ROAD,3
122 76 STREET,3
7214 COLONIAL ROAD,3
117 72 STREET,3
74 68 STREET,3
100 71 STREET,3
131 76 STREET,3
7210 COLONIAL ROAD,3
95 71 STREET,3
81 MACKAY PLACE,3
81 70 STREET,3
84 BAY RIDGE AVENUE,3
103 BAY RIDGE PARKWAY,3
7208 COLONIAL ROAD,3
88 MACKAY PLACE,3
77 BAY RIDGE AVENUE,3
7204 COLONIAL ROAD,3
102 74 STREET,3
95A 71 STREET,3
83 MACKAY PLACE,3
76 68 STREET,3
7202 COLONIAL ROAD,3
83 70 STREET,3
102 71 STREET,3
86 BAY RIDGE AVENUE,3
105 BAY RIDGE PARKWAY,3
90 MACKAY PLACE,3
114 BAY RIDGE PARKWAY,3
96 70 STREET,3
97 71 STREET,3
81 BAY RIDGE AVENUE,3
78 68 STREET,3
104 74 STREET,3
7024 LOUISE TERRACE,3
85 70 STREET,3
90A MACKAY PLACE,3
88 BAY RIDGE AVENUE,3
107 BAY RIDGE PARKWAY,3
121 72 STREET,3
106 71 STREET,3
97A 71 STREET,3
7020 LOUISE TERRACE,3
118 BAY RIDGE PARKWAY,3
80 68 STREET,3
134 76 STREET,3
106 74 STREET,3
7120 COLONIAL ROAD,3
92 MACKAY PLACE,3
7018 LOUISE TERRACE,3
83 BAY RIDGE AVENUE,3
90 BAY RIDGE AVENUE,3
87 70 STREET,3
101 74 STREET,3
7116 COLONIAL ROAD,3
7016 LOUISE TERRACE,3
109 BAY RIDGE PARKWAY,3
99 71 STREET,3
7114 COLONIAL ROAD,3
92A MACKAY PLACE,3
7014 LOUISE TERRACE,3
82 68 STREET,3
110 74 STREET,3
122 BAY RIDGE PARKWAY,3
7112 COLONIAL ROAD,3
101 71 STREET,3
89 70 STREET,3
92 BAY RIDGE AVENUE,3
7012 LOUISE TERRACE,3
85 BAY RIDGE AVENUE,3
7108 COLONIAL ROAD,3
111 BAY RIDGE PARKWAY,3
7010 LOUISE TERRACE,3
94 MACKAY PLACE,3
7106 COLONIAL ROAD,3
84 68 STREET,3
103 74 STREET,3
128 73 STREET,3
112 74 STREET,3
7124 COLONIAL ROAD,3
103 71 STREET,3
7008 LOUISE TERRACE,3
91 70 STREET,3
7102 COLONIAL ROAD,3
94 BAY RIDGE AVENUE,3
96 MACKAY PLACE,3
7006 LOUISE TERRACE,3
115 BAY RIDGE PARKWAY,3
87 BAY RIDGE AVENUE,3
130 BAY RIDGE PARKWAY,3
105 71 STREET,3
7004 LOUISE TERRACE,3
86 68 STREET,3
105 74 STREET,3
93 70 STREET,3
114 74 STREET,3
130 73 STREET,3
COLONIAL ROAD,3
7002 LOUISE TERRACE,3
98 MACKAY PLACE,3
119 BAY RIDGE PARKWAY,3
98 BAY RIDGE AVENUE,3
7040 COLONIAL ROAD,3
91 BAY RIDGE AVENUE,3
88 68 STREET,3
116 74 STREET,3
109 74 STREET,3
100 MACKAY PLACE,3
95 70 STREET,3
132 73 STREET,3
,3
130 72 STREET,3
121 BAY RIDGE PARKWAY,3
90 68 STREET,3
100 BAY RIDGE AVENUE,3
111 74 STREET,3
97 70 STREET,3
6834 BLISS TERRACE,3
120 74 STREET,3
134 73 STREET,3
6832 BLISS TERRACE,3
7023 LOUISE TERRACE,3
123 BAY RIDGE PARKWAY,3
6830 BLISS TERRACE,3
92 68 STREET,3
115 74 STREET,3
136 73 STREET,3
7019 LOUISE TERRACE,3
102 BAY RIDGE AVENUE,3
122 74 STREET,3
99 70 STREET,3
6828 BLISS TERRACE,3
7017 LOUISE TERRACE,3
6826 BLISS TERRACE,3
94 68 STREET,3
125 BAY RIDGE PARKWAY,3
7015 LOUISE TERRACE,3
146 76 STREET,3
6824 BLISS TERRACE,3
117 74 STREET,3
7013 LOUISE TERRACE,3
101 70 STREET,3
138 73 STREET,3
104 BAY RIDGE AVENUE,3
130 74 STREET,3
6820 BLISS TERRACE,3
7011 LOUISE TERRACE,3
6818 BLISS TERRACE,3
7009 LOUISE TERRACE,3
127 BAY RIDGE PARKWAY,3
119 74 STREET,3
103 70 STREET,3
6816 BLISS TERRACE,3
140 73 STREET,3
7024 COLONIAL ROAD,3
7007 LOUISE TERRACE,3
7005 LOUISE TERRACE,3
106 BAY RIDGE AVENUE,3
6814 BLISS TERRACE,3
131 72 STREET,3
7020 COLONIAL ROAD,3
76 STREET,3
7003 LOUISE TERRACE,3
6812 BLISS TERRACE,3
129 BAY RIDGE PARKWAY,3
7018 COLONIAL ROAD,3
141 74 STREET,3
105 70 STREET,3
142 73 STREET,3
7101 COLONIAL ROAD,3
7001 LOUISE TERRACE,3
147 76 STREET,3
7016 COLONIAL ROAD,3
6808 BLISS TERRACE,3
108 BAY RIDGE AVENUE,3
140 BAY RIDGE PARKWAY,3
7014 COLONIAL ROAD,3
6806 BLISS TERRACE,3
152 76 STREET,3
7012 COLONIAL ROAD,3
107 70 STREET,3
133 BAY RIDGE PARKWAY,3
144 73 STREET,3
6804 BLISS TERRACE,3
7010 COLONIAL ROAD,3
110 BAY RIDGE AVENUE,3
6802 BLISS TERRACE,3
7008 COLONIAL ROAD,3
109 70 STREET,3
135 BAY RIDGE PARKWAY,3
146 73 STREET,3
7006 COLONIAL ROAD,3
112 BAY RIDGE AVENUE,3
7004 COLONIAL ROAD,3
6835 BLISS TERRACE,3
COLONIAL ROAD,3
7002 COLONIAL ROAD,3
111 70 STREET,3
6833 BLISS TERRACE,3
148 73 STREET,3
137 BAY RIDGE PARKWAY,3
153 76 STREET,3
114 BAY RIDGE AVENUE,3
6829 BLISS TERRACE,3
7047 COLONIAL ROAD,3
6827 BLISS TERRACE,3
156 76 STREET,3
113 70 STREET,3
7043 COLONIAL ROAD,3
6825 BLISS TERRACE,3
150 73 STREET,3
139 BAY RIDGE PARKWAY,3
116 BAY RIDGE AVENUE,3
7039 COLONIAL ROAD,3
6823 BLISS TERRACE,3
7037 COLONIAL ROAD,3
115 70 STREET,3
6821 BLISS TERRACE,3
150 BAY RIDGE PARKWAY,3
152 73 STREET,3
7035 COLONIAL ROAD,3
118 BAY RIDGE AVENUE,3
6817 BLISS TERRACE,3
143 BAY RIDGE PARKWAY,3
7031 COLONIAL ROAD,3
6815 BLISS TERRACE,3
117 70 STREET,3
152 BAY RIDGE PARKWAY,3
7029 COLONIAL ROAD,3
154 73 STREET,3
6813 BLISS TERRACE,3
145 BAY RIDGE PARKWAY,3
120 BAY RIDGE AVENUE,3
150 74 STREET,3
7025 COLONIAL ROAD,3
159 76 STREET,3
6811 BLISS TERRACE,3
7021 COLONIAL ROAD,3
57 STREET,3
166 76 STREET,3
6809 BLISS TERRACE,3
154 BAY RIDGE PARKWAY,3
113 BAY RIDGE AVENUE,3
156 73 STREET,3
122 BAY RIDGE AVENUE,3
7019 COLONIAL ROAD,3
6805 BLISS TERRACE,3
147 BAY RIDGE PARKWAY,3
115 BAY RIDGE AVENUE,3
7015 COLONIAL ROAD,3
6803 BLISS TERRACE,3
190 72 STREET,3
145 72 STREET,3
7011 COLONIAL ROAD,3
156 BAY RIDGE PARKWAY,3
158 73 STREET,3
6801 BLISS TERRACE,3
7009 COLONIAL ROAD,3
149 BAY RIDGE PARKWAY,3
7007 COLONIAL ROAD,3
117 BAY RIDGE AVENUE,3
158 BAY RIDGE PARKWAY,3
7038 RIDGECREST TERRACE,3
6822 COLONIAL ROAD,3
160 73 STREET,3
7005 COLONIAL ROAD,3
7036 RIDGECREST TERRACE,3
167 76 STREET,3
138 71 STREET,3
7001 COLONIAL ROAD,3
6820 COLONIAL ROAD,3
153 BAY RIDGE PARKWAY,3
7034 RIDGECREST TERRACE,3
145 74 STREET,3
6824 COLONIAL ROAD,3
6818 COLONIAL ROAD,3
7032 RIDGECREST TERRACE,3
160 BAY RIDGE PARKWAY,3
162 73 STREET,3
6816 COLONIAL ROAD,3
7600 RIDGE BOULEVARD,3
7030 RIDGECREST TERRACE,3
6814 COLONIAL ROAD,3
7028 RIDGECREST TERRACE,3
155 BAY RIDGE PARKWAY,3
6802 COLONIAL ROAD,3
7026 RIDGECREST TERRACE,3
119 70 STREET,3
147 74 STREET,3
164 73 STREET,3
164 BAY RIDGE PARKWAY,3
7024 RIDGECREST TERRACE,3
7022 RIDGECREST TERRACE,3
7020 RIDGECREST TERRACE,3
7420 RIDGE BOULEVARD,3
121 70 STREET,3
149 74 STREET,3
166 73 STREET,3
7018 RIDGECREST TERRACE,3
7520 RIDGE BOULEVARD,3
7016 RIDGECREST TERRACE,3
168 BAY RIDGE PARKWAY,3
124 BAY RIDGE AVENUE,3
7014 RIDGECREST TERRACE,3
168 73 STREET,3
125 70 STREET,3
7012 RIDGECREST TERRACE,3
153 74 STREET,3
7010 RIDGECREST TERRACE,3
7410 RIDGE BOULEVARD,3
126 BAY RIDGE AVENUE,3
7008 RIDGECREST TERRACE,3
7502 RIDGE BOULEVARD,3
7006 RIDGECREST TERRACE,3
170 73 STREET,3
155 74 STREET,3
127 70 STREET,3
7004 RIDGECREST TERRACE,3
128 BAY RIDGE AVENUE,3
7002 RIDGECREST TERRACE,3
172 73 STREET,3
123 BAY RIDGE AVENUE,3
159 74 STREET,3
131 70 STREET,3
130 BAY RIDGE AVENUE,3
174 73 STREET,3
125 BAY RIDGE AVENUE,3
6817 COLONIAL ROAD,3
132 BAY RIDGE AVENUE,3
161 74 STREET,3
133 70 STREET,3
7037 RIDGECREST TERRACE,3
6224 2 AVENUE,3
7035 RIDGECREST TERRACE,3
176 73 STREET,3
7033 RIDGECREST TERRACE,3
127 BAY RIDGE AVENUE,3
134 BAY RIDGE AVENUE,3
6815 COLONIAL ROAD,3
137 70 STREET,3
7031 RIDGECREST TERRACE,3
165 74 STREET,3
7029 RIDGECREST TERRACE,3
6801 COLONIAL ROAD,3
178 73 STREET,3
7027 RIDGECREST TERRACE,3
136 BAY RIDGE AVENUE,3
129 BAY RIDGE AVENUE,3
7025 RIDGECREST TERRACE,3
7023 RIDGECREST TERRACE,3
139 70 STREET,3
180 73 STREET,3
7021 RIDGECREST TERRACE,3
138 BAY RIDGE AVENUE,3
131 BAY RIDGE AVENUE,3
7019 RIDGECREST TERRACE,3
128 68 STREET,3
7017 RIDGECREST TERRACE,3
169 74 STREET,3
169 72 STREET,3
7015 RIDGECREST TERRACE,3
141 70 STREET,3
182 73 STREET,3
140 BAY RIDGE AVENUE,3
7013 RIDGECREST TERRACE,3
133 BAY RIDGE AVENUE,3
6820 BAY CLIFF TERRACE,3
6747 COLONIAL ROAD,3
7011 RIDGECREST TERRACE,3
6818 BAY CLIFF TERRACE,3
130 68 STREET,3
6745 COLONIAL ROAD,3
7009 RIDGECREST TERRACE,3
171 72 STREET,3
145 70 STREET,3
6816 BAY CLIFF TERRACE,3
184 73 STREET,3
6741 COLONIAL ROAD,3
7007 RIDGECREST TERRACE,3
142 BAY RIDGE AVENUE,3
135 BAY RIDGE AVENUE,3
6739 COLONIAL ROAD,3
7005 RIDGECREST TERRACE,3
166 71 STREET,3
7036 PERRY TERRACE,3
132 68 STREET,3
6737 COLONIAL ROAD,3
7324 RIDGE BOULEVARD,3
173 72 STREET,3
7003 RIDGECREST TERRACE,3
186 73 STREET,3
7034 PERRY TERRACE,3
6735 COLONIAL ROAD,3
147 70 STREET,3
144 BAY RIDGE AVENUE,3
6814 BAY CLIFF TERRACE,3
7001 RIDGECREST TERRACE,3
BAY RIDGE AVENUE,3
7320 RIDGE BOULEVARD,3
7032 PERRY TERRACE,3
137 BAY RIDGE AVENUE,3
6733 COLONIAL ROAD,3
201 76 STREET,3
168 71 STREET,3
6812 BAY CLIFF TERRACE,3
7030 PERRY TERRACE,3
6729 COLONIAL ROAD,3
6810 BAY CLIFF TERRACE,3
7316 RIDGE BOULEVARD,3
175 72 STREET,3
7028 PERRY TERRACE,3
6727 COLONIAL ROAD,3
148 BAY RIDGE AVENUE,3
6808 BAY CLIFF TERRACE,3
7026 PERRY TERRACE,3
149 70 STREET,3
170 71 STREET,3
6725 COLONIAL ROAD,3
7312 RIDGE BOULEVARD,3
7024 PERRY TERRACE,3
6806 BAY CLIFF TERRACE,3
7022 PERRY TERRACE,3
177 72 STREET,3
6804 BAY CLIFF TERRACE,3
7501 RIDGE BOULEVARD,3
7306 RIDGE BOULEVARD,3
7020 PERRY TERRACE,3
172 71 STREET,3
152 BAY RIDGE AVENUE,3
205 76 STREET,3
6802 BAY CLIFF TERRACE,3
7018 PERRY TERRACE,3
153 70 STREET,3
139 BAY RIDGE AVENUE,3
129 68 STREET,3
6819 BAY CLIFF TERRACE,3
7302 RIDGE BOULEVARD,3
111 SENATOR STREET,3
7016 PERRY TERRACE,3
179 72 STREET,3
6817 BAY CLIFF TERRACE,3
174 71 STREET,3
7014 PERRY TERRACE,3
6815 BAY CLIFF TERRACE,3
154 BAY RIDGE AVENUE,3
7012 PERRY TERRACE,3
133 68 STREET,3
155 70 STREET,3
141 BAY RIDGE AVENUE,3
7010 PERRY TERRACE,3
6813 BAY CLIFF TERRACE,3
113 SENATOR STREET,3
176 71 STREET,3
209 76 STREET,3
122 SENATOR STREET,3
7008 PERRY TERRACE,3
6811 BAY CLIFF TERRACE,3
6701 COLONIAL ROAD,3
7006 PERRY TERRACE,3
156 BAY RIDGE AVENUE,3
135 68 STREET,3
149 BAY RIDGE AVENUE,3
6809 BAY CLIFF TERRACE,3
183 72 STREET,3
178 71 STREET,3
7004 PERRY TERRACE,3
159 70 STREET,3
7423 RIDGE BOULEVARD,3
6807 BAY CLIFF TERRACE,3
124 SENATOR STREET,3
117 SENATOR STREET,3
7002 PERRY TERRACE,3
6805 BAY CLIFF TERRACE,3
158 BAY RIDGE AVENUE,3
213 76 STREET,3
137 68 STREET,3
6803 BAY CLIFF TERRACE,3
161 70 STREET,3
6801 BAY CLIFF TERRACE,3
126 SENATOR STREET,3
182 71 STREET,3
119 SENATOR STREET,3
160 BAY RIDGE AVENUE,3
7401 RIDGE BOULEVARD,3
187 72 STREET,3
139 68 STREET,3
219 76 STREET,3
163 70 STREET,3
128 SENATOR STREET,3
162 BAY RIDGE AVENUE,3
150 68 STREET,3
123 SENATOR STREET,3
141 68 STREET,3
6665 COLONIAL ROAD,3
7035 PERRY TERRACE,3
188 71 STREET,3
7033 PERRY TERRACE,3
132 SENATOR STREET,3
7124 RIDGE BOULEVARD,3
7031 PERRY TERRACE,3
165 70 STREET,3
164 BAY RIDGE AVENUE,3
157 BAY RIDGE AVENUE,3
143 68 STREET,3
7029 PERRY TERRACE,3
125 SENATOR STREET,3
7122 RIDGE BOULEVARD,3
7027 PERRY TERRACE,3
7301 RIDGE BOULEVARD,3
7116 RIDGE BOULEVARD,3
134 SENATOR STREET,3
7025 PERRY TERRACE,3
218 BAY RIDGE PARKWAY,3
7114 RIDGE BOULEVARD,3
166 BAY RIDGE AVENUE,3
152 68 STREET,3
7023 PERRY TERRACE,3
169 70 STREET,3
159 BAY RIDGE AVENUE,3
147 68 STREET,3
7100 RIDGE BOULEVARD,3
7021 PERRY TERRACE,3
129 SENATOR STREET,3
136 SENATOR STREET,3
7019 PERRY TERRACE,3
168 BAY RIDGE AVENUE,3
220 BAY RIDGE PARKWAY,3
7017 PERRY TERRACE,3
149 68 STREET,3
163 BAY RIDGE AVENUE,3
171 70 STREET,3
221 76 STREET,3
7015 PERRY TERRACE,3
7013 PERRY TERRACE,3
138 SENATOR STREET,3
222 BAY RIDGE PARKWAY,3
215 BAY RIDGE PARKWAY,3
170 BAY RIDGE AVENUE,3
7011 PERRY TERRACE,3
162 68 STREET,3
165 BAY RIDGE AVENUE,3
151 68 STREET,3
7009 PERRY TERRACE,3
175 70 STREET,3
133 SENATOR STREET,3
7007 PERRY TERRACE,3
140 SENATOR STREET,3
122 67 STREET,3
224 BAY RIDGE PARKWAY,3
172 BAY RIDGE AVENUE,3
217 BAY RIDGE PARKWAY,3
7005 PERRY TERRACE,3
7022 RIDGE BOULEVARD,3
153 68 STREET,3
7003 PERRY TERRACE,3
167 BAY RIDGE AVENUE,3
164 68 STREET,3
218 74 STREET,3
125 67 STREET,3
7001 PERRY TERRACE,3
177 70 STREET,3
135 SENATOR STREET,3
230 BAY RIDGE PARKWAY,3
7213 RIDGE BOULEVARD,3
144 SENATOR STREET,3
124 67 STREET,3
174 BAY RIDGE AVENUE,3
225 76 STREET,3
219 BAY RIDGE PARKWAY,3
6663 COLONIAL ROAD,3
169 BAY RIDGE AVENUE,3
157 68 STREET,3
166 68 STREET,3
137 SENATOR STREET,3
128 67 STREET,3
146 SENATOR STREET,3
6661 COLONIAL ROAD,3
179 70 STREET,3
180 BAY RIDGE AVENUE,3
221 BAY RIDGE PARKWAY,3
171 BAY RIDGE AVENUE,3
6676 SEDGWICK PLACE,3
6659 COLONIAL ROAD,3
7201 RIDGE BOULEVARD,3
168 68 STREET,3
139 SENATOR STREET,3
161 68 STREET,3
148 SENATOR STREET,3
7002 RIDGE BOULEVARD,3
223 BAY RIDGE PARKWAY,3
181 70 STREET,3
6674 SEDGWICK PLACE,3
6655 COLONIAL ROAD,3
182 BAY RIDGE AVENUE,3
175 BAY RIDGE AVENUE,3
170 68 STREET,3
143 SENATOR STREET,3
130 67 STREET,3
150 SENATOR STREET,3
5914 3 AVENUE,3
6672 SEDGWICK PLACE,3
238 BAY RIDGE PARKWAY,3
6653 COLONIAL ROAD,3
239 76 STREET,3
225 BAY RIDGE PARKWAY,3
184 BAY RIDGE AVENUE,3
185 70 STREET,3
177 BAY RIDGE AVENUE,3
163 68 STREET,3
174 68 STREET,3
6651 COLONIAL ROAD,3
228 74 STREET,3
145 SENATOR STREET,3
152 SENATOR STREET,3
186 BAY RIDGE AVENUE,3
233 BAY RIDGE PARKWAY,3
7119 RIDGE BOULEVARD,3
134 67 STREET,3
6649 COLONIAL ROAD,3
179 BAY RIDGE AVENUE,3
6664 SEDGWICK PLACE,3
147 SENATOR STREET,3
6914 RIDGE BOULEVARD,3
176 68 STREET,3
167 68 STREET,3
154 SENATOR STREET,3
6645 COLONIAL ROAD,3
188 BAY RIDGE AVENUE,3
136 67 STREET,3
6662 SEDGWICK PLACE,3
225 74 STREET,3
217 73 STREET,3
6643 COLONIAL ROAD,3
151 SENATOR STREET,3
181 BAY RIDGE AVENUE,3
6660 SEDGWICK PLACE,3
158 SENATOR STREET,3
138 67 STREET,3
6902 RIDGE BOULEVARD,3
178 68 STREET,3
6641 COLONIAL ROAD,3
169 68 STREET,3
227 74 STREET,3
183 BAY RIDGE AVENUE,3
153 SENATOR STREET,3
140 67 STREET,3
6656 SEDGWICK PLACE,3
160 SENATOR STREET,3
102 WAKEMAN PLACE,3
230 73 STREET,3
180 68 STREET,3
6675 SEDGWICK PLACE,3
237 BAY RIDGE PARKWAY,3
229 74 STREET,3
6650 SEDGWICK PLACE,3
212 72 STREET,3
185 BAY RIDGE AVENUE,3
142 67 STREET,3
233 58 STREET,3
155 SENATOR STREET,3
104 WAKEMAN PLACE,3
236 74 STREET,3
221 73 STREET,3
162 SENATOR STREET,3
182 68 STREET,3
205 71 STREET,3
231 74 STREET,3
187 BAY RIDGE AVENUE,3
146 67 STREET,3
106 WAKEMAN PLACE,3
7009 RIDGE BOULEVARD,3
